 В ночь со вт на ср последнее. Вроде адекватен был, а зачем-то сказал: а давай ещё Мамонта! Потом сутки голова была ватная, бтв. Просто констатирую факты, оценку даже не буду ставить - уже хватает их у меня
28.06. Не слишком жидкий, не слишком плотный. Кофе, свежая корочка ржаного, горький шоколад, приятная горечь, сухенько и ценник приятный.
28.06.2024. Что-то как-то понижу после предыдущих чекинов (ставил 4,75 с учетом цена-качество, плюс одной тонне симпатизирую). В это раз какая-то пыльца от гранул несквика явственно в теле. Следующую варку при случае обязательно отдегустирую
Aroma acuoso a chocolate. Peor que en 2017.
bit tart
Bitter chocolate, dry finish, weird oily thing but works
Full body chocolate bar, so nice!!!
He is one of the best! I was going home and it would have been much sadder without him
lci
Lots of cocoa, not oversweetened, ABV hidden well. Light sourness.
Roasty, chocolate, sweet, smooth, balanced.
Still one of the best!
This is a real top! You don't drink it, you really enjoy it. Thick, the taste is simply magnificent! I'll take some more!
Vkusnooo
А вот и доказательство, что чекины слетают, точно помню, что его пила и нашла свой отзыв от 2 октября 2020 в инстаграмме: крепкое, вкус какао, жжёнка не навязчивая, пена растекается и остаётся на фужере 9/10
Алкоголь чувствуется
Аромат - шоколад, солод, немного сладости. Вкус - шоколад, чуть горьковатый, сладость аккуратно, лёгкое тело для имперца. Прям ровный, базовый имперец, но без жирного тела продукта.
Аромат шоколада, вкус водянистого шоколада, послевкусие средней продолжительности??
Ароматика шоколадно-карамельная, по вкусу просто жжёный стаут с лёгкой шоколадной ноткой, совершенно не питкий, после него неприятные ощущения
Бинтово, но в хорошем смысле ??
В аромате какао, шоколад и ваниль. Во вкусе шоколад, какао, ваниль и немножко сливки)) Сладость умеренная, чуть кислинки и достаточно плотно. Алкоголь скрыт хорошо. Вкусно, но без новизны.
В ароме и вкусе квинтэссенция советского шоколада, коньяк. Отголоски орехов, в частности миндаля и ликера Амаретто. Приятно горчит хорошим какао. Сухой, чуть спиртуозный с небольшим излишком воды. У подруги свежее на 2 месяца, там вкус шоколада ярче. ??
в банках вкус более насыщенный, чтоль
в ожидании молниеносного разъеба, сначала не понял, а потом как понял, это отвал сосков!
Вкус детства
Вкус интересный. Кака бобы, кислые. Но больно алкогольное
Вкусная какава)
Вкусный шоколадный стаут
Внезапно не чекинил. А это прекрасно. В меру сладко, в меру сладенько. И отличный прайс
Все еще достоин
Всегда считал, что пиво пил. Сделав глоток, понял что вкус знаком. Какао без избытка сахара. Мне вкусно. И цена в БВ вкусная.
Горький шоколад.
Горький шоколад. Насыщенно. Вкусна
Добротно
Довольно вкусный шоколадный стаут, Выпьете с удовольствием, но не вау.
Если бы горький шоколад был напитком.
Еще не вымер, но уже очень холодно в Сербии
Жидкий горький шоколад в чистом виде. Ничего лишнего. Думал, что будет слишком сладко или десертно, но ничего подобного. Образцовое исполнение шоколадного милк стаута.
За год к сожалению скис, неожиданно
Замечательное пыво. Александер решил попозировать с ним, но руки у него были заняты, если вы понимаете о чем я. В меру мягко, не сильно шоколадно. Есть привкус сладости на губах
Зима для стаутов
Идеально ??
Испортился мамонт. Вчерашнее классическо-дорожное. Во вкусе советский шоколад с ванмлью, недорогой армянский коньяк, брутальная орехово-железно-медная горечь, жгучая спиртуозность выпирает солидно. Допито с большим трудом. Тонной наелся на год вперёд. ??
Как будто лишняя кислинка. Градус не ощущается. А так - кофе, орехи. Попортился скорее всего, но сильно оценку снижать не хочется
как всегда прекрасен
Какао насыщенный вкус?, кофейный шоколад. Немного меди и гематогена, металла и ржавчины. Приятная ореховость вдалеке, сухой вкус. Десерт в пути ??
Кисло сладкое нечто, спиртуозное.
Класс! Кофе и горький шоколад (просто любимейшее сочетание вкусов), аромат молочной шоколадки, пьётся очень легко, да и вообще отличнейший напиток.
Классика, Гиннесс здорового человека
Кофе с молоком, в послевкусии горький шоколад (какао), градус не чувствуется, для своих параметров довольно питкий. 12.10.2024
Кофейно, шоколад, насыщенно
Кофейный гладкий имперец
Крепкий, но крепость коварно не чувствуется. Сладковатый, вкусный
Крепко, насыщенно, без приторности и химозности, очень хороший стаут
Мням, но градус конечно ппц
Можно и в новую обнову поиграть под вкусняшку
Молочный Стаут.. шоколадки и бобы .. кому-то вкусно
На запах кофе, на вкус шоколад. Горький шоколад, 97%. Плотный, нет приторной сладости, очень благородная горчинка.
Насыщенно шоколадно, алко не чувствуется
Немного кефирно, но добротно
Ненавижу стаут, мужчин и кабанов. А тут мамонт, тоже неплохо, но мимо, мимо..
Неплохая водичка, шоколадка с жженкой. Не хватает нажористости и более интересного вкуса, как-то пустовато
Новая варка Мамонта, и всё равно не торт. Горечи много для такой десертной шоколадной вещи. А раньше-то он был как остывший горячий шоколад... Ну хоть не такой водянистый теперь.
Ностальгия ??
Ну в целом нормальное, без перебора хитростей, градус не так чтобы чувствуется.
Ну классика)
Ну хз
Ну хз Никакого шоколада там нет , если только он не как спирт на вкус Тогда действительно ШОКо
Обалденный стаут! Тут и молочность и какао и даже лёгкая горчнка присутствует!
Отличный богато-шоколадный аромат, но вкус водянистый и со спиртом в послевкусии. Обидно.
Отличный стаут с ярко выраженным шоколадным вкусом.
Отличный стаут, при этом не сильно даёт в голову, хотя в нем 10%. Но все же мой фаворит у них с печенькой
Охлажденным повкуснее
очень крепко, плотно, молочно, шоколадно, чуть кофейно. очень даже заебись
Очень честный горький шоколад. Бобовость какаоавовая, может, тоже и есть, но степени кофи бобовости. В целом, приятно
Пахнет молочным шоколадом, при нагревании аромат шоколада усиливается. Довольно плотный стаут, пьётся легко и приятно.
Перечекин семь лет спустя. Мягкий, шоколадный. В нос шоколадное мороженое. Не сложно, но все четко, ровно, квалитетно.
Пил тыщу лет назад и не помню
Плотный имперец, вкусный и приятные, стоит всех денег. Советую...
Плотный, мощный, сладкий
Плохой среди хороших имперский стаут. Тело не плотное, густоты нет, во вкусе кроме жженого солода нет ничего. Очень пьяным я бы выпил это еще раз, но точно не стоит рассматривать эту банку как источник удовольствия.
показалось излишне химозным
Превосходно!!!
Прекрасно, тёмный шоколад
Причина головной боли сегодня , но вкусно сук
Приятная несладкая шоколадная база. Сухой кофеек.
Приятный шоколадный стаут , сильно водный но все же окей
Продолжаем закрывать гештальты классики. )) Шоколад, какао, пломбир, ваниль. Градуса не слышно.
Прозрачен
Прям хорошая тёмная шоколадка
Разочарован, ожидал от этого стаута плотности, теплоты и вкуса. Получилось только шоколадка. Повторять не буду.
Раньше казался более сладко-сливочно какаошным, сейчас горький шоколад и мне это нравится.
ромовое начало и послевкусие я его вылила, рисы от бакунина мне ближе (2022 год)
Слева. Что хотел бы сказать. После стольких лет один из первопроходцев условно десертного стиля по прежнему годный. И будто даже лучше некоторых предыдущих варок. Баланс на месте, лишней сладости не .
Слишком сильно похоже на шоколадный стаут от Волковской. Не в обиду ни тем, ни другим.
слонопотам
Снова десертное, выпито на исходе дня в последнее посещение Жуковского - был очень сладок, железно-медным (чуть кровяным гематогеном отдавал) и сильно спиртовым??
Спасибо за всё, легенда
Сто лет не пивал. А слоник-то хорошъ
Суховатый какао, приятная горечь, насыщенный
Тупо стаут, хз крч
Тут шоколад, шоколад во всём, молочку особо не почувствовал, но и без неё хорошо ??????
Хорош спустя года.
Хороший стаут, но кислит на послевкусии - вероятно, проблемы хранения
хорошо
Цена качество. Плотно. Горько, шоколадно. Спирт не чувствуется
Чекин спустя почти 5 лет и Мамонт по-прежнему хорош! Крепкий, плотный, тягучий кофейно-шоколадный стаут. Вмеру сладкий, чуть горьковат, без лютой алкашки во вкусе. Гуд!
Чет хз ваще
Шоколад на шоколаде сидит и шоколадом погоняет.
Шоколадная пушка.
"Шоколадная тягучая нефть в 10-градусной обертке, спрятанных так тонко, ""что и судья с ищейкой не найдёт"""
Шоколадный мамонт и красноухий енот
Шоколадный мусс
Шоколадный, но я в гавно.
Это база
Эх, измельчал на нашем веку мамонт... Куда делась его плотная десертная шоколадность? Зато откуда-то вылезла совершенно неуместная жженка. Обидно, понимаешь!
Я так скучала, доужок??????

















































































































































































































































